Client Name,ProgramID,Program Name,Program Status,,is Anonymous Match,Program Created At,# Notes by programs,# Users by Program,# Users who requested match by program,# Users who were requested,# Requests by program,# Partnerships Complete,# Partnerships In Progress,# Partnerships Not Started,# Partnerships by Status,# Notes Completed by Program
Brambles,15,European Mentoring Programme 2022,ACTIVE,Yes,1,2021-12-15 8:24:24,648,,,,,,,,,
Brambles,13,IMETA MentorConnect,ACTIVE,Yes,1,2021-09-23 14:01:11,644,,,,,,,,,
Brambles,16,APAC Mentor Connect Pilot Program 2022,ACTIVE,Yes,1,2021-12-15 21:48:58,357,,,,,,,,,
Brambles,12,European Reverse Mentoring,ACTIVE,No,0,2021-09-23 11:11:23,38,,,,,,,,,
Brambles,1,NA Inclusion & Diversity Program 2022,ACTIVE,Yes,1,2021-08-30 13:39:05,1,,,,,,,,,
Brambles,19,EMPOWER 2022,ACTIVE,No,0,2022-03-09 1:42:17,0,,,,,,,,,
Brambles,22,European Reverse Mentoring Programme 2022,ACTIVE,No,0,2022-08-05 13:15:50,0,,,,,,,,,
Brambles,18,FinanceConnect 2022,ACTIVE,Yes,1,2022-02-18 15:26:19,0,,,,,,,,,
Brambles,14,Supply Chain Mentorship Program,ACTIVE,Yes,1,2021-12-07 14:12:29,0,,,,,,,,,
Brambles,17,TEST AM,INACTIVE,No,0,2022-01-13 11:46:51,0,,,,,,,,,
Brambles,11,APAC Demo,ENROLL,No,0,2020-12-08 15:44:36,,1,0,0,0,,,,,
Brambles,16,APAC Mentor Connect Pilot Program 2022,ACTIVE,Yes,1,2021-12-15 21:48:58,,53,26,25,56,,,,,
Brambles,19,EMPOWER 2022,ACTIVE,No,0,2022-03-09 1:42:17,,40,0,0,0,,,,,
Brambles,15,European Mentoring Programme 2022,ACTIVE,Yes,1,2021-12-15 8:24:24,,270,124,69,208,,,,,
Brambles,12,European Reverse Mentoring,ACTIVE,No,0,2021-09-23 11:11:23,,61,0,0,0,,,,,
Brambles,22,European Reverse Mentoring Programme 2022,ACTIVE,No,0,2022-08-05 13:15:50,,2,0,0,0,,,,,
Brambles,18,FinanceConnect 2022,ACTIVE,Yes,1,2022-02-18 15:26:19,,33,0,0,0,,,,,
Brambles,20,IMETA Mentee Circle,INACTIVE,No,0,2022-07-26 17:16:03,,3,0,0,0,,,,,
Brambles,13,IMETA MentorConnect,ACTIVE,Yes,1,2021-09-23 14:01:11,,108,45,44,140,,,,,
Brambles,1,NA Inclusion & Diversity Program 2022,ACTIVE,Yes,1,2021-08-30 13:39:05,,286,5,4,7,,,,,
Brambles,14,Supply Chain Mentorship Program,ACTIVE,Yes,1,2021-12-07 14:12:29,,25,6,4,6,,,,,
Brambles,17,TEST AM,INACTIVE,No,0,2022-01-13 11:46:51,,2,0,0,0,,,,,
Brambles,16,APAC Mentor Connect Pilot Program 2022,ACTIVE,Yes,1,2021-12-15 21:48:58,,,,,,0,25,0,25,
Brambles,19,EMPOWER 2022,ACTIVE,No,0,2022-03-09 1:42:17,,,,,,0,0,20,20,
Brambles,15,European Mentoring Programme 2022,ACTIVE,Yes,1,2021-12-15 8:24:24,,,,,,7,0,0,7,
Brambles,15,European Mentoring Programme 2022,ACTIVE,Yes,1,2021-12-15 8:24:24,,,,,,0,82,0,82,
Brambles,15,European Mentoring Programme 2022,ACTIVE,Yes,1,2021-12-15 8:24:24,,,,,,0,0,86,86,
Brambles,12,European Reverse Mentoring,ACTIVE,No,0,2021-09-23 11:11:23,,,,,,0,0,19,19,
Brambles,12,European Reverse Mentoring,ACTIVE,No,0,2021-09-23 11:11:23,,,,,,0,11,0,11,
Brambles,22,European Reverse Mentoring Programme 2022,ACTIVE,No,0,2022-08-05 13:15:50,,,,,,0,0,1,1,
Brambles,18,FinanceConnect 2022,ACTIVE,Yes,1,2022-02-18 15:26:19,,,,,,0,0,14,14,
Brambles,13,IMETA MentorConnect,ACTIVE,Yes,1,2021-09-23 14:01:11,,,,,,0,0,15,15,
Brambles,13,IMETA MentorConnect,ACTIVE,Yes,1,2021-09-23 14:01:11,,,,,,0,42,0,42,
Brambles,13,IMETA MentorConnect,ACTIVE,Yes,1,2021-09-23 14:01:11,,,,,,3,0,0,3,
Brambles,1,NA Inclusion & Diversity Program 2022,ACTIVE,Yes,1,2021-08-30 13:39:05,,,,,,0,0,98,98,
Brambles,1,NA Inclusion & Diversity Program 2022,ACTIVE,Yes,1,2021-08-30 13:39:05,,,,,,1,0,0,1,
Brambles,1,NA Inclusion & Diversity Program 2022,ACTIVE,Yes,1,2021-08-30 13:39:05,,,,,,0,1,0,1,
Brambles,14,Supply Chain Mentorship Program,ACTIVE,Yes,1,2021-12-07 14:12:29,,,,,,0,0,5,5,
Brambles,17,TEST AM,INACTIVE,No,0,2022-01-13 11:46:51,,,,,,0,0,1,1,
Brambles,16,APAC Mentor Connect Pilot Program 2022,ACTIVE,Yes,1,2021-12-15 21:48:58,,,,,,,,,,78
Brambles,15,European Mentoring Programme 2022,ACTIVE,Yes,1,2021-12-15 8:24:24,,,,,,,,,,138
Brambles,12,European Reverse Mentoring,ACTIVE,No,0,2021-09-23 11:11:23,,,,,,,,,,21
Brambles,13,IMETA MentorConnect,ACTIVE,Yes,1,2021-09-23 14:01:11,,,,,,,,,,297
Brambles,1,NA Inclusion & Diversity Program 2022,ACTIVE,Yes,1,2021-08-30 13:39:05,,,,,,,,,,1
AAM,2,AAM's Global Mentor Program,ACTIVE,No,0,2022-02-09 18:16:43,728,,,,,,,,,
AAM,1,EHEC Associates,ACTIVE,No,0,2022-01-11 1:52:10,16,,,,,,,,,
AAM,2,AAM's Global Mentor Program,ACTIVE,No,0,2022-02-09 18:16:43,,408,151,141,233,,,,,
AAM,1,EHEC Associates,ACTIVE,No,0,2022-01-11 1:52:10,,11,0,0,0,,,,,
AAM,2,AAM's Global Mentor Program,ACTIVE,No,0,2022-02-09 18:16:43,,,,,,0,0,34,34,
AAM,2,AAM's Global Mentor Program,ACTIVE,No,0,2022-02-09 18:16:43,,,,,,0,125,0,125,
AAM,2,AAM's Global Mentor Program,ACTIVE,No,0,2022-02-09 18:16:43,,,,,,7,0,0,7,
AAM,1,EHEC Associates,ACTIVE,No,0,2022-01-11 1:52:10,,,,,,0,4,0,4,
AAM,1,EHEC Associates,ACTIVE,No,0,2022-01-11 1:52:10,,,,,,0,0,1,1,
AAM,2,AAM's Global Mentor Program,ACTIVE,No,0,2022-02-09 18:16:43,,,,,,,,,,306
Teva,1,ACE North America Mentoring Program,ACTIVE,No,0,2021-08-19 19:18:40,117,,,,,,,,,
Teva,6,Emerging Sales Manager Program,ACTIVE,No,0,2022-06-29 22:42:56,2,,,,,,,,,
Teva,2,InterMentor Mentoring Program,ACTIVE,No,0,2021-08-31 15:38:21,56,,,,,,,,,
Teva,3,Match & Grow Mentoring Program,ACTIVE,No,0,2021-09-21 13:55:37,16,,,,,,,,,
Teva,5,Momentum Mentoring Program,ACTIVE,No,0,2021-12-20 15:20:08,411,,,,,,,,,
Teva,4,Teva Global Finance Mentoring Program,ACTIVE,No,0,2021-10-18 10:36:34,1,,,,,,,,,
Teva,1,ACE North America Mentoring Program,ACTIVE,No,0,2021-08-19 19:18:40,,239,107,96,181,,,,,
Teva,6,Emerging Sales Manager Program,ACTIVE,No,0,2022-06-29 22:42:56,,2,0,0,0,,,,,
Teva,2,InterMentor Mentoring Program,ACTIVE,No,0,2021-08-31 15:38:21,,45,19,20,27,,,,,
Teva,3,Match & Grow Mentoring Program,ACTIVE,No,0,2021-09-21 13:55:37,,11,4,3,5,,,,,
Teva,5,Momentum Mentoring Program,ACTIVE,No,0,2021-12-20 15:20:08,,243,122,93,312,,,,,
Teva,4,Teva Global Finance Mentoring Program,ACTIVE,No,0,2021-10-18 10:36:34,,6,0,0,0,,,,,
Teva,1,ACE North America Mentoring Program,ACTIVE,No,0,2021-08-19 19:18:40,,,,,,0,19,0,19,
Teva,1,ACE North America Mentoring Program,ACTIVE,No,0,2021-08-19 19:18:40,,,,,,0,0,106,106,
Teva,1,ACE North America Mentoring Program,ACTIVE,No,0,2021-08-19 19:18:40,,,,,,4,0,0,4,
Teva,6,Emerging Sales Manager Program,ACTIVE,No,0,2022-06-29 22:42:56,,,,,,0,1,0,1,
Teva,2,InterMentor Mentoring Program,ACTIVE,No,0,2021-08-31 15:38:21,,,,,,6,0,0,6,
Teva,2,InterMentor Mentoring Program,ACTIVE,No,0,2021-08-31 15:38:21,,,,,,0,0,9,9,
Teva,2,InterMentor Mentoring Program,ACTIVE,No,0,2021-08-31 15:38:21,,,,,,0,13,0,13,
Teva,3,Match & Grow Mentoring Program,ACTIVE,No,0,2021-09-21 13:55:37,,,,,,7,0,0,7,
Teva,3,Match & Grow Mentoring Program,ACTIVE,No,0,2021-09-21 13:55:37,,,,,,0,2,0,2,
Teva,3,Match & Grow Mentoring Program,ACTIVE,No,0,2021-09-21 13:55:37,,,,,,0,0,3,3,
Teva,5,Momentum Mentoring Program,ACTIVE,No,0,2021-12-20 15:20:08,,,,,,0,0,64,64,
Teva,5,Momentum Mentoring Program,ACTIVE,No,0,2021-12-20 15:20:08,,,,,,0,79,0,79,
Teva,5,Momentum Mentoring Program,ACTIVE,No,0,2021-12-20 15:20:08,,,,,,1,0,0,1,
Teva,4,Teva Global Finance Mentoring Program,ACTIVE,No,0,2021-10-18 10:36:34,,,,,,0,1,0,1,
Teva,2,InterMentor Mentoring Program,ACTIVE,No,0,2021-08-31 15:38:21,,,,,,,,,,2
Teva,3,Match & Grow Mentoring Program,ACTIVE,No,0,2021-09-21 13:55:37,,,,,,,,,,1
Teva,5,Momentum Mentoring Program,ACTIVE,No,0,2021-12-20 15:20:08,,,,,,,,,,32
UPS,4,Professional 1:1 Mentoring,ACTIVE,No,0,2022-03-23 19:06:15,64,,,,,,,,,
UPS,6,Trinity Onboarding Sample Program,ACTIVE,No,0,2022-10-19 15:34:31,0,,,,,,,,,
UPS,4,Professional 1:1 Mentoring,ACTIVE,No,0,2022-03-23 19:06:15,,44,0,0,0,,,,,
UPS,5,Sales Onboarding Program,ACTIVE,No,0,2022-08-12 17:16:46,,6,0,0,0,,,,,
UPS,3,The Talent Development Mentoring Circle,ACTIVE,No,0,2022-02-14 17:10:11,,77,0,0,0,,,,,
UPS,6,Trinity Onboarding Sample Program,ACTIVE,No,0,2022-10-19 15:34:31,,2,0,0,0,,,,,
UPS,2,UPS Voluntary Demo Program,ACTIVE,No,0,2022-02-14 13:36:53,,5,0,0,0,,,,,
UPS,4,Professional 1:1 Mentoring,ACTIVE,No,0,2022-03-23 19:06:15,,,,,,0,0,4,4,
UPS,4,Professional 1:1 Mentoring,ACTIVE,No,0,2022-03-23 19:06:15,,,,,,0,14,0,14,
UPS,6,Trinity Onboarding Sample Program,ACTIVE,No,0,2022-10-19 15:34:31,,,,,,0,0,1,1,
UPS,4,Professional 1:1 Mentoring,ACTIVE,No,0,2022-03-23 19:06:15,,,,,,,,,,35
WCTC,2,DEI Employee Mentoring Program,ACTIVE,No,0,2020-10-27 17:00:37,49,,,,,,,,,
WCTC,2,DEI Employee Mentoring Program,ACTIVE,No,0,2020-10-27 17:00:37,,22,0,0,0,,,,,
WCTC,2,DEI Employee Mentoring Program,ACTIVE,No,0,2020-10-27 17:00:37,,,,,,1,0,0,1,
WCTC,2,DEI Employee Mentoring Program,ACTIVE,No,0,2020-10-27 17:00:37,,,,,,0,6,0,6,
WCTC,2,DEI Employee Mentoring Program,ACTIVE,No,0,2020-10-27 17:00:37,,,,,,0,0,4,4,
WCTC,2,DEI Employee Mentoring Program,ACTIVE,No,0,2020-10-27 17:00:37,,,,,,,,,,26
NextGen Cyber Talent,1,NextGen 1:1 Mentoring Program,ACTIVE,No,0,2021-08-20 23:45:21,4,,,,,,,,,
NextGen Cyber Talent,1,NextGen 1:1 Mentoring Program,ACTIVE,No,0,2021-08-20 23:45:21,,25,0,0,0,,,,,
NextGen Cyber Talent,1,NextGen 1:1 Mentoring Program,ACTIVE,No,0,2021-08-20 23:45:21,,,,,,0,2,0,2,
The Alliance,1,One-to-One Mentorship Program,ACTIVE,No,0,2021-10-14 17:24:25,116,,,,,,,,,
The Alliance,1,One-to-One Mentorship Program,ACTIVE,No,0,2021-10-14 17:24:25,,201,0,0,0,,,,,
The Alliance,4,Situational Mentorship,ACTIVE,No,0,2021-12-30 18:49:04,,71,2,2,2,,,,,
The Alliance,5,The Alliance Group Mentorship,ACTIVE,No,0,2022-03-04 20:39:14,,1,0,0,0,,,,,
The Alliance,1,One-to-One Mentorship Program,ACTIVE,No,0,2021-10-14 17:24:25,,,,,,0,0,90,90,
The Alliance,1,One-to-One Mentorship Program,ACTIVE,No,0,2021-10-14 17:24:25,,,,,,8,0,0,8,
The Alliance,1,One-to-One Mentorship Program,ACTIVE,No,0,2021-10-14 17:24:25,,,,,,0,34,0,34,
The Alliance,1,One-to-One Mentorship Program,ACTIVE,No,0,2021-10-14 17:24:25,,,,,,,,,,47
Hearst Newspapers,7,Hearst Fellowship 2022-2023,ACTIVE,No,0,2022-08-15 15:06:22,0,,,,,,,,,
Hearst Newspapers,4,Newspapers' Reach | Mentor Program (Jan 2022),ACTIVE,No,0,2021-12-16 16:10:10,80,,,,,,,,,
Hearst Newspapers,5,Newspapers' Reach | Mentor Program (July 2022),ACTIVE,No,0,2022-04-21 20:03:27,146,,,,,,,,,
Hearst Newspapers,3,Newspapers’ Reach | Mentor Program (Oct 2021),ACTIVE,No,0,2021-09-29 14:34:02,328,,,,,,,,,
Hearst Newspapers,7,Hearst Fellowship 2022-2023,ACTIVE,No,0,2022-08-15 15:06:22,,29,0,0,0,,,,,
Hearst Newspapers,2,Hearst Newspapers,ACTIVE,No,0,2021-09-23 14:29:55,,4,0,0,0,,,,,
Hearst Newspapers,4,Newspapers' Reach | Mentor Program (Jan 2022),ACTIVE,No,0,2021-12-16 16:10:10,,56,24,25,51,,,,,
Hearst Newspapers,5,Newspapers' Reach | Mentor Program (July 2022),ACTIVE,No,0,2022-04-21 20:03:27,,73,28,29,66,,,,,
Hearst Newspapers,3,Newspapers’ Reach | Mentor Program (Oct 2021),ACTIVE,No,0,2021-09-29 14:34:02,,107,41,37,90,,,,,
Hearst Newspapers,1,Test Environment,ACTIVE,No,0,2020-11-16 22:47:24,,3,0,0,0,,,,,
Hearst Newspapers,7,Hearst Fellowship 2022-2023,ACTIVE,No,0,2022-08-15 15:06:22,,,,,,0,0,13,13,
Hearst Newspapers,4,Newspapers' Reach | Mentor Program (Jan 2022),ACTIVE,No,0,2021-12-16 16:10:10,,,,,,0,13,0,13,
Hearst Newspapers,4,Newspapers' Reach | Mentor Program (Jan 2022),ACTIVE,No,0,2021-12-16 16:10:10,,,,,,0,0,8,8,
Hearst Newspapers,5,Newspapers' Reach | Mentor Program (July 2022),ACTIVE,No,0,2022-04-21 20:03:27,,,,,,0,0,20,20,
Hearst Newspapers,5,Newspapers' Reach | Mentor Program (July 2022),ACTIVE,No,0,2022-04-21 20:03:27,,,,,,0,14,0,14,
Hearst Newspapers,3,Newspapers’ Reach | Mentor Program (Oct 2021),ACTIVE,No,0,2021-09-29 14:34:02,,,,,,1,0,0,1,
Hearst Newspapers,3,Newspapers’ Reach | Mentor Program (Oct 2021),ACTIVE,No,0,2021-09-29 14:34:02,,,,,,0,0,16,16,
Hearst Newspapers,3,Newspapers’ Reach | Mentor Program (Oct 2021),ACTIVE,No,0,2021-09-29 14:34:02,,,,,,0,18,0,18,
Hearst Newspapers,3,Newspapers’ Reach | Mentor Program (Oct 2021),ACTIVE,No,0,2021-09-29 14:34:02,,,,,,,,,,1
Sonnenalp,1,Sonnenalp Mentorship,ACTIVE,No,0,2021-10-26 15:25:51,8,,,,,,,,,
Sonnenalp,1,Sonnenalp Mentorship,ACTIVE,No,0,2021-10-26 15:25:51,,33,0,0,0,,,,,
Sonnenalp,1,Sonnenalp Mentorship,ACTIVE,No,0,2021-10-26 15:25:51,,,,,,0,0,11,11,
Sonnenalp,1,Sonnenalp Mentorship,ACTIVE,No,0,2021-10-26 15:25:51,,,,,,2,0,0,2,
Sonnenalp,1,Sonnenalp Mentorship,ACTIVE,No,0,2021-10-26 15:25:51,,,,,,0,3,0,3,
UCB,4,UCB Sponsorship Program,ACTIVE,No,0,2021-10-25 18:16:56,34,,,,,,,,,
UCB,5,UCBee 2022 Mentoring Program,ACTIVE,No,0,2021-11-02 13:02:55,139,,,,,,,,,
UCB,3,WiL Mentoring Program,ACTIVE,No,0,2021-10-13 16:27:39,191,,,,,,,,,
UCB,4,UCB Sponsorship Program,ACTIVE,No,0,2021-10-25 18:16:56,,54,0,0,0,,,,,
UCB,5,UCBee 2022 Mentoring Program,ACTIVE,No,0,2021-11-02 13:02:55,,59,0,0,0,,,,,
UCB,6,UCBee Enrichment Partner Program,ACTIVE,No,0,2022-01-26 15:46:08,,57,3,3,4,,,,,
UCB,3,WiL Mentoring Program,ACTIVE,No,0,2021-10-13 16:27:39,,109,0,0,0,,,,,
UCB,4,UCB Sponsorship Program,ACTIVE,No,0,2021-10-25 18:16:56,,,,,,0,0,13,13,
UCB,4,UCB Sponsorship Program,ACTIVE,No,0,2021-10-25 18:16:56,,,,,,0,12,0,12,
UCB,4,UCB Sponsorship Program,ACTIVE,No,0,2021-10-25 18:16:56,,,,,,2,0,0,2,
UCB,5,UCBee 2022 Mentoring Program,ACTIVE,No,0,2021-11-02 13:02:55,,,,,,0,23,0,23,
UCB,5,UCBee 2022 Mentoring Program,ACTIVE,No,0,2021-11-02 13:02:55,,,,,,0,0,3,3,
UCB,3,WiL Mentoring Program,ACTIVE,No,0,2021-10-13 16:27:39,,,,,,3,0,0,3,
UCB,3,WiL Mentoring Program,ACTIVE,No,0,2021-10-13 16:27:39,,,,,,0,38,0,38,
UCB,3,WiL Mentoring Program,ACTIVE,No,0,2021-10-13 16:27:39,,,,,,0,0,15,15,
UCB,4,UCB Sponsorship Program,ACTIVE,No,0,2021-10-25 18:16:56,,,,,,,,,,7
UCB,5,UCBee 2022 Mentoring Program,ACTIVE,No,0,2021-11-02 13:02:55,,,,,,,,,,52
UCB,3,WiL Mentoring Program,ACTIVE,No,0,2021-10-13 16:27:39,,,,,,,,,,76
AHEC 4,2,RSHS Mentorship Program 2022-2023,ACTIVE,No,0,2021-09-28 19:16:29,,4,0,0,0,,,,,
Astellas Pharma US,2,1:1 Mentoring Program,ACTIVE,No,0,2022-04-20 17:45:30,,4,0,0,0,,,,,
Astellas Pharma US,1,The FLA Training Program,ACTIVE,No,0,2021-04-26 19:14:08,,24,0,0,0,,,,,
Toyota Quality,1,Inspiring Growth and Development,ACTIVE,No,0,2021-03-31 20:07:21,0,,,,,,,,,
Toyota Quality,1,Inspiring Growth and Development,ACTIVE,No,0,2021-03-31 20:07:21,,4,1,1,1,,,,,
Toyota Quality,1,Inspiring Growth and Development,ACTIVE,No,0,2021-03-31 20:07:21,,,,,,0,0,1,1,
Women in Automotive,4,WomenPowered Mentoring Program,ACTIVE,No,0,2021-04-02 16:47:48,46,,,,,,,,,
Women in Automotive,5,WomenPowered Circle Mentoring,ACTIVE,No,0,2022-03-24 20:42:51,,3,0,0,0,,,,,
Women in Automotive,4,WomenPowered Mentoring Program,ACTIVE,No,0,2021-04-02 16:47:48,,47,6,4,8,,,,,
Women in Automotive,4,WomenPowered Mentoring Program,ACTIVE,No,0,2021-04-02 16:47:48,,,,,,0,3,0,3,
Women in Automotive,4,WomenPowered Mentoring Program,ACTIVE,No,0,2021-04-02 16:47:48,,,,,,0,0,3,3,
Women in Automotive,4,WomenPowered Mentoring Program,ACTIVE,No,0,2021-04-02 16:47:48,,,,,,,,,,26
Janssen,1,MeSA Mentoring Place,ACTIVE,No,0,2021-10-14 17:24:25,638,,,,,,,,,
Janssen,2,The Expertise Alliance,ACTIVE,No,0,2022-04-01 19:10:27,69,,,,,,,,,
Janssen,1,MeSA Mentoring Place,ACTIVE,No,0,2021-10-14 17:24:25,,153,0,0,0,,,,,
Janssen,2,The Expertise Alliance,ACTIVE,No,0,2022-04-01 19:10:27,,54,0,0,0,,,,,
Janssen,1,MeSA Mentoring Place,ACTIVE,No,0,2021-10-14 17:24:25,,,,,,0,63,0,63,
Janssen,1,MeSA Mentoring Place,ACTIVE,No,0,2021-10-14 17:24:25,,,,,,0,0,20,20,
Janssen,2,The Expertise Alliance,ACTIVE,No,0,2022-04-01 19:10:27,,,,,,1,0,0,1,
Janssen,2,The Expertise Alliance,ACTIVE,No,0,2022-04-01 19:10:27,,,,,,0,0,15,15,
Janssen,2,The Expertise Alliance,ACTIVE,No,0,2022-04-01 19:10:27,,,,,,0,21,0,21,
Janssen,1,MeSA Mentoring Place,ACTIVE,No,0,2021-10-14 17:24:25,,,,,,,,,,290
Janssen,2,The Expertise Alliance,ACTIVE,No,0,2022-04-01 19:10:27,,,,,,,,,,34
Merck,6,1:1 INSPIRE Mentoring (Demo),ACTIVE,No,0,2022-05-12 21:24:42,2,,,,,,,,,
Merck,1,Merck LEAD Mentoring Phase 3 - 1:1 Mentoring,ACTIVE,No,0,2021-10-04 0:30:28,217,,,,,,,,,
Merck,7,Rainbow Alliance Mentoring Program,ACTIVE,No,0,2022-09-09 20:58:35,3,,,,,,,,,
Merck,6,1:1 INSPIRE Mentoring (Demo),ACTIVE,No,0,2022-05-12 21:24:42,,2,0,0,0,,,,,
Merck,5,Demo Mentor Program (Voluntary Matching),ACTIVE,No,0,2022-01-25 21:42:35,,5,0,0,0,,,,,
Merck,3,Merck LEAD Mentoring Phase 1 - Foundation Building,ACTIVE,No,0,2021-11-03 17:38:52,,67,0,0,0,,,,,
Merck,4,Merck LEAD Mentoring Phase 2 - Skill Building,ACTIVE,No,0,2021-11-03 17:39:56,,63,0,0,0,,,,,
Merck,1,Merck LEAD Mentoring Phase 3 - 1:1 Mentoring,ACTIVE,No,0,2021-10-04 0:30:28,,105,0,0,0,,,,,
Merck,7,Rainbow Alliance Mentoring Program,ACTIVE,No,0,2022-09-09 20:58:35,,34,0,0,0,,,,,
Merck,6,1:1 INSPIRE Mentoring (Demo),ACTIVE,No,0,2022-05-12 21:24:42,,,,,,0,1,0,1,
Merck,1,Merck LEAD Mentoring Phase 3 - 1:1 Mentoring,ACTIVE,No,0,2021-10-04 0:30:28,,,,,,0,40,0,40,
Merck,1,Merck LEAD Mentoring Phase 3 - 1:1 Mentoring,ACTIVE,No,0,2021-10-04 0:30:28,,,,,,0,0,15,15,
Merck,1,Merck LEAD Mentoring Phase 3 - 1:1 Mentoring,ACTIVE,No,0,2021-10-04 0:30:28,,,,,,1,0,0,1,
Merck,7,Rainbow Alliance Mentoring Program,ACTIVE,No,0,2022-09-09 20:58:35,,,,,,0,3,0,3,
Merck,7,Rainbow Alliance Mentoring Program,ACTIVE,No,0,2022-09-09 20:58:35,,,,,,0,0,14,14,
Merck,1,Merck LEAD Mentoring Phase 3 - 1:1 Mentoring,ACTIVE,No,0,2021-10-04 0:30:28,,,,,,,,,,67
Merck,7,Rainbow Alliance Mentoring Program,ACTIVE,No,0,2022-09-09 20:58:35,,,,,,,,,,1
LEO Pharma,1,LEO ONE Mentoring Program,ACTIVE,No,0,2021-10-19 19:06:52,2,,,,,,,,,
LEO Pharma,1,LEO ONE Mentoring Program,ACTIVE,No,0,2021-10-19 19:06:52,,392,1,1,1,,,,,
LEO Pharma,3,LEO Pharma - 002,INACTIVE,No,0,2021-12-07 22:04:54,,2,0,0,0,,,,,
LEO Pharma,1,LEO ONE Mentoring Program,ACTIVE,No,0,2021-10-19 19:06:52,,,,,,0,1,0,1,
National Church Residences,2,A.I.M. Mentoring Program,ACTIVE,No,0,2022-03-14 15:54:59,33,,,,,,,,,
National Church Residences,2,A.I.M. Mentoring Program,ACTIVE,No,0,2022-03-14 15:54:59,,4,0,0,0,,,,,
National Church Residences,1,National Church Residences Mentorship Program,ACTIVE,No,0,2021-10-14 17:24:25,,3,0,0,0,,,,,
National Church Residences,3,Pilot Demo for Education Team,ACTIVE,No,0,2022-03-14 15:56:53,,14,1,1,1,,,,,
National Church Residences,2,A.I.M. Mentoring Program,ACTIVE,No,0,2022-03-14 15:54:59,,,,,,0,2,0,2,
National Church Residences,2,A.I.M. Mentoring Program,ACTIVE,No,0,2022-03-14 15:54:59,,,,,,,,,,4
Mid Penn Bank,3,Career Mentor Program,ACTIVE,No,0,2022-03-28 14:14:51,204,,,,,,,,,
Mid Penn Bank,8,Financial Center Performance Meetings,ACTIVE,No,0,2022-07-19 17:36:25,9,,,,,,,,,
Mid Penn Bank,10,Quarterly Check-ins,ACTIVE,No,0,2022-08-05 15:09:50,14,,,,,,,,,
Mid Penn Bank,5,Summer Intern Mentorship Program 2022,ACTIVE,No,0,2022-05-06 13:58:06,56,,,,,,,,,
Mid Penn Bank,1,Test Career Mentor Program,ACTIVE,No,0,2022-03-17 22:50:53,84,,,,,,,,,
Mid Penn Bank,2,Test Emerging Leaders,ACTIVE,No,0,2022-03-21 19:16:24,2,,,,,,,,,
Mid Penn Bank,6,Test Monthly 1 on 1 meetings,ACTIVE,No,0,2022-05-23 18:25:39,32,,,,,,,,,
Mid Penn Bank,3,Career Mentor Program,ACTIVE,No,0,2022-03-28 14:14:51,,51,0,0,0,,,,,
Mid Penn Bank,4,Emerging Leaders 2022 Cohort 2,ACTIVE,No,0,2022-04-11 14:26:30,,16,0,0,0,,,,,
Mid Penn Bank,8,Financial Center Performance Meetings,ACTIVE,No,0,2022-07-19 17:36:25,,199,0,0,0,,,,,
Mid Penn Bank,10,Quarterly Check-ins,ACTIVE,No,0,2022-08-05 15:09:50,,33,0,0,0,,,,,
Mid Penn Bank,5,Summer Intern Mentorship Program 2022,ACTIVE,No,0,2022-05-06 13:58:06,,49,0,0,0,,,,,
Mid Penn Bank,1,Test Career Mentor Program,ACTIVE,No,0,2022-03-17 22:50:53,,8,0,0,0,,,,,
Mid Penn Bank,2,Test Emerging Leaders,ACTIVE,No,0,2022-03-21 19:16:24,,7,0,0,0,,,,,
Mid Penn Bank,7,Test Free for All,ENROLL,No,0,2022-05-27 18:25:01,,8,0,0,0,,,,,
Mid Penn Bank,6,Test Monthly 1 on 1 meetings,ACTIVE,No,0,2022-05-23 18:25:39,,10,0,0,0,,,,,
Mid Penn Bank,3,Career Mentor Program,ACTIVE,No,0,2022-03-28 14:14:51,,,,,,0,22,0,22,
Mid Penn Bank,3,Career Mentor Program,ACTIVE,No,0,2022-03-28 14:14:51,,,,,,0,0,3,3,
Mid Penn Bank,3,Career Mentor Program,ACTIVE,No,0,2022-03-28 14:14:51,,,,,,1,0,0,1,
Mid Penn Bank,8,Financial Center Performance Meetings,ACTIVE,No,0,2022-07-19 17:36:25,,,,,,0,0,159,159,
Mid Penn Bank,8,Financial Center Performance Meetings,ACTIVE,No,0,2022-07-19 17:36:25,,,,,,0,3,0,3,
Mid Penn Bank,10,Quarterly Check-ins,ACTIVE,No,0,2022-08-05 15:09:50,,,,,,0,0,18,18,
Mid Penn Bank,10,Quarterly Check-ins,ACTIVE,No,0,2022-08-05 15:09:50,,,,,,0,13,0,13,
Mid Penn Bank,10,Quarterly Check-ins,ACTIVE,No,0,2022-08-05 15:09:50,,,,,,1,0,0,1,
Mid Penn Bank,5,Summer Intern Mentorship Program 2022,ACTIVE,No,0,2022-05-06 13:58:06,,,,,,34,0,0,34,
Mid Penn Bank,1,Test Career Mentor Program,ACTIVE,No,0,2022-03-17 22:50:53,,,,,,2,0,0,2,
Mid Penn Bank,1,Test Career Mentor Program,ACTIVE,No,0,2022-03-17 22:50:53,,,,,,0,6,0,6,
Mid Penn Bank,1,Test Career Mentor Program,ACTIVE,No,0,2022-03-17 22:50:53,,,,,,0,0,1,1,
Mid Penn Bank,2,Test Emerging Leaders,ACTIVE,No,0,2022-03-21 19:16:24,,,,,,0,0,2,2,
Mid Penn Bank,2,Test Emerging Leaders,ACTIVE,No,0,2022-03-21 19:16:24,,,,,,0,2,0,2,
Mid Penn Bank,6,Test Monthly 1 on 1 meetings,ACTIVE,No,0,2022-05-23 18:25:39,,,,,,0,7,0,7,
Mid Penn Bank,6,Test Monthly 1 on 1 meetings,ACTIVE,No,0,2022-05-23 18:25:39,,,,,,0,0,2,2,
Mid Penn Bank,3,Career Mentor Program,ACTIVE,No,0,2022-03-28 14:14:51,,,,,,,,,,53
Mid Penn Bank,8,Financial Center Performance Meetings,ACTIVE,No,0,2022-07-19 17:36:25,,,,,,,,,,6
Mid Penn Bank,1,Test Career Mentor Program,ACTIVE,No,0,2022-03-17 22:50:53,,,,,,,,,,42
Mid Penn Bank,2,Test Emerging Leaders,ACTIVE,No,0,2022-03-21 19:16:24,,,,,,,,,,1
Mid Penn Bank,6,Test Monthly 1 on 1 meetings,ACTIVE,No,0,2022-05-23 18:25:39,,,,,,,,,,15
City of Atlanta,1,City of Atlanta S.E.E.D. Program,ENROLL,No,0,2022-03-17 21:11:34,,5,0,0,0,,,,,
Hearst Health,2,2021 Hearst Health Mentor Program,ACTIVE,No,0,2021-03-10 16:24:33,0,,,,,,,,,
Hearst Health,3,2022 Hearst Health Mentor Program,ACTIVE,No,0,2022-04-28 12:46:49,84,,,,,,,,,
Hearst Health,4,Content Development,ACTIVE,No,0,2022-05-19 15:51:47,2,,,,,,,,,
Hearst Health,2,2021 Hearst Health Mentor Program,ACTIVE,No,0,2021-03-10 16:24:33,,6,2,2,2,,,,,
Hearst Health,3,2022 Hearst Health Mentor Program,ACTIVE,No,0,2022-04-28 12:46:49,,123,61,39,100,,,,,
Hearst Health,4,Content Development,ACTIVE,No,0,2022-05-19 15:51:47,,2,0,0,0,,,,,
Hearst Health,2,2021 Hearst Health Mentor Program,ACTIVE,No,0,2021-03-10 16:24:33,,,,,,0,0,1,1,
Hearst Health,3,2022 Hearst Health Mentor Program,ACTIVE,No,0,2022-04-28 12:46:49,,,,,,0,30,0,30,
Hearst Health,3,2022 Hearst Health Mentor Program,ACTIVE,No,0,2022-04-28 12:46:49,,,,,,0,0,35,35,
Hearst Health,4,Content Development,ACTIVE,No,0,2022-05-19 15:51:47,,,,,,0,1,0,1,
Hearst Health,3,2022 Hearst Health Mentor Program,ACTIVE,No,0,2022-04-28 12:46:49,,,,,,,,,,31
Hearst Tech Group,2,Tech Services Mentor Program,ACTIVE,No,0,2021-02-25 20:27:52,,1,0,0,0,,,,,
Hearst Transportation,1,2022 Transportation Mentor Program,ACTIVE,No,0,2021-04-23 19:21:54,,1,0,0,0,,,,,
AHLAF 4X,3,AHLAF Mentoring Program,ACTIVE,No,0,2021-09-29 15:42:58,160,,,,,,,,,
AHLAF 4X,3,AHLAF Mentoring Program,ACTIVE,No,0,2021-09-29 15:42:58,,96,48,35,90,,,,,
AHLAF 4X,3,AHLAF Mentoring Program,ACTIVE,No,0,2021-09-29 15:42:58,,,,,,0,31,0,31,
AHLAF 4X,3,AHLAF Mentoring Program,ACTIVE,No,0,2021-09-29 15:42:58,,,,,,0,0,12,12,
AHLAF 4X,3,AHLAF Mentoring Program,ACTIVE,No,0,2021-09-29 15:42:58,,,,,,1,0,0,1,
AHLAF 4X,3,AHLAF Mentoring Program,ACTIVE,No,0,2021-09-29 15:42:58,,,,,,,,,,49
Hearst Fitch Group,3,MentorPoint,ACTIVE,No,0,2021-09-29 15:42:58,138,,,,,,,,,
Hearst Fitch Group,3,MentorPoint,ACTIVE,No,0,2021-09-29 15:42:58,,448,157,92,318,,,,,
Hearst Fitch Group,3,MentorPoint,ACTIVE,No,0,2021-09-29 15:42:58,,,,,,0,0,81,81,
Hearst Fitch Group,3,MentorPoint,ACTIVE,No,0,2021-09-29 15:42:58,,,,,,0,45,0,45,
Hearst Fitch Group,3,MentorPoint,ACTIVE,No,0,2021-09-29 15:42:58,,,,,,2,0,0,2,
Hearst Fitch Group,3,MentorPoint,ACTIVE,No,0,2021-09-29 15:42:58,,,,,,,,,,51
CPCC,1,Equity in Contracting Initiative,ACTIVE,No,0,2021-11-12 21:42:39,440,,,,,,,,,
CPCC,1,Equity in Contracting Initiative,ACTIVE,No,0,2021-11-12 21:42:39,,51,26,15,113,,,,,
CPCC,1,Equity in Contracting Initiative,ACTIVE,No,0,2021-11-12 21:42:39,,,,,,35,0,0,35,
CPCC,1,Equity in Contracting Initiative,ACTIVE,No,0,2021-11-12 21:42:39,,,,,,0,40,0,40,
CPCC,1,Equity in Contracting Initiative,ACTIVE,No,0,2021-11-12 21:42:39,,,,,,0,0,25,25,
CPCC,1,Equity in Contracting Initiative,ACTIVE,No,0,2021-11-12 21:42:39,,,,,,,,,,162
Abbvie,4,D E & I Anonymous Matching Program,ACTIVE,No,0,2021-09-29 21:16:56,0,,,,,,,,,
Abbvie,14,FST 2022 Mentoring Program,ACTIVE,No,0,2021-12-30 19:43:55,197,,,,,,,,,
Abbvie,13,Circle Test,ACTIVE,No,0,2021-11-09 20:12:25,,3,0,0,0,,,,,
Abbvie,4,D E & I Anonymous Matching Program,ACTIVE,No,0,2021-09-29 21:16:56,,10,2,3,3,,,,,
Abbvie,1,D E & I Mentoring Program,ACTIVE,No,0,2021-09-13 17:23:09,,4,0,0,0,,,,,
Abbvie,5,Emerging Leaders Circle Mentoring,ACTIVE,No,0,2021-10-07 3:45:25,,5,0,0,0,,,,,
Abbvie,14,FST 2022 Mentoring Program,ACTIVE,No,0,2021-12-30 19:43:55,,37,0,0,0,,,,,
Abbvie,4,D E & I Anonymous Matching Program,ACTIVE,No,0,2021-09-29 21:16:56,,,,,,0,0,2,2,
Abbvie,14,FST 2022 Mentoring Program,ACTIVE,No,0,2021-12-30 19:43:55,,,,,,0,17,0,17,
Abbvie,14,FST 2022 Mentoring Program,ACTIVE,No,0,2021-12-30 19:43:55,,,,,,0,0,2,2,
Abbvie,14,FST 2022 Mentoring Program,ACTIVE,No,0,2021-12-30 19:43:55,,,,,,1,0,0,1,
Abbvie,14,FST 2022 Mentoring Program,ACTIVE,No,0,2021-12-30 19:43:55,,,,,,,,,,1
Johnson & Johnson,1,Upward Connections,ACTIVE,No,0,2021-03-26 20:16:28,140,,,,,,,,,
Johnson & Johnson,1,Upward Connections,ACTIVE,No,0,2021-03-26 20:16:28,,48,0,0,0,,,,,
Johnson & Johnson,1,Upward Connections,ACTIVE,No,0,2021-03-26 20:16:28,,,,,,0,20,0,20,
Johnson & Johnson,1,Upward Connections,ACTIVE,No,0,2021-03-26 20:16:28,,,,,,0,0,2,2,
Johnson & Johnson,1,Upward Connections,ACTIVE,No,0,2021-03-26 20:16:28,,,,,,,,,,27
SMPA,1,MAP Mentoring Component,ACTIVE,No,0,2019-09-17 17:05:01,4,,,,,,,,,
SMPA,3,"Mentoring Program Demo ""Network Connect""",ACTIVE,No,0,2022-04-18 19:33:56,0,,,,,,,,,
SMPA,1,MAP Mentoring Component,ACTIVE,No,0,2019-09-17 17:05:01,,36,0,0,0,,,,,
SMPA,3,"Mentoring Program Demo ""Network Connect""",ACTIVE,No,0,2022-04-18 19:33:56,,21,2,1,2,,,,,
SMPA,1,MAP Mentoring Component,ACTIVE,No,0,2019-09-17 17:05:01,,,,,,0,1,0,1,
SMPA,3,"Mentoring Program Demo ""Network Connect""",ACTIVE,No,0,2022-04-18 19:33:56,,,,,,0,0,1,1,
SMPA,1,MAP Mentoring Component,ACTIVE,No,0,2019-09-17 17:05:01,,,,,,,,,,1
BMW,4,BMW EnGauge Mentoring Program 2021 - 2022,ACTIVE,No,0,2021-10-04 13:23:02,61,,,,,,,,,
BMW,4,BMW EnGauge Mentoring Program 2021 - 2022,ACTIVE,No,0,2021-10-04 13:23:02,,44,0,0,0,,,,,
BMW,4,BMW EnGauge Mentoring Program 2021 - 2022,ACTIVE,No,0,2021-10-04 13:23:02,,,,,,0,0,11,11,
BMW,4,BMW EnGauge Mentoring Program 2021 - 2022,ACTIVE,No,0,2021-10-04 13:23:02,,,,,,1,0,0,1,
BMW,4,BMW EnGauge Mentoring Program 2021 - 2022,ACTIVE,No,0,2021-10-04 13:23:02,,,,,,0,9,0,9,
BMW,4,BMW EnGauge Mentoring Program 2021 - 2022,ACTIVE,No,0,2021-10-04 13:23:02,,,,,,,,,,31
Hearst Television,2,Hearst TV DE&I Mentoring Program,ACTIVE,Yes,1,2021-09-23 14:50:44,0,,,,,,,,,
Hearst Television,2,Hearst TV DE&I Mentoring Program,ACTIVE,Yes,1,2021-09-23 14:50:44,,3571,2,2,3,,,,,
Hearst Television,1,Test Environment,ACTIVE,Yes,1,2020-11-16 22:47:24,,2,0,0,0,,,,,
Hearst Television,2,Hearst TV DE&I Mentoring Program,ACTIVE,Yes,1,2021-09-23 14:50:44,,,,,,0,0,1,1,
Long Beach VA Mentor Connection,1,LBVA Nurse Mentorship Program,ENROLL,No,0,2021-10-20 16:11:57,0,,,,,,,,,
Long Beach VA Mentor Connection,1,LBVA Nurse Mentorship Program,ENROLL,No,0,2021-10-20 16:11:57,,6,1,1,1,,,,,
Long Beach VA Mentor Connection,2,LBVA Supervisor Mentorship Program,INACTIVE,No,0,2021-10-23 23:32:52,,3,0,0,0,,,,,
Long Beach VA Mentor Connection,1,LBVA Nurse Mentorship Program,ENROLL,No,0,2021-10-20 16:11:57,,,,,,0,0,1,1,
Reynolds 4,7,Virginia Union Mentoring Program,ACTIVE,No,0,2021-12-17 19:11:11,3,,,,,,,,,
Reynolds 4,4,Reynolds Mentoring Circles,ACTIVE,No,0,2021-12-01 19:05:14,,1,0,0,0,,,,,
Reynolds 4,7,Virginia Union Mentoring Program,ACTIVE,No,0,2021-12-17 19:11:11,,2,0,0,0,,,,,
Reynolds 4,7,Virginia Union Mentoring Program,ACTIVE,No,0,2021-12-17 19:11:11,,,,,,0,1,0,1,